# SOURMASH-MANIFEST-VERSION: 1.0
internal_location,md5,md5short,ksize,moltype,num,scaled,n_hashes,with_abundance,name,filename
signatures/44225cbee3775dacf4c23f76bb60740a.sig.gz,44225cbee3775dacf4c23f76bb60740a,44225cbe,21,DNA,0,1000,585,1,ERR11520699,input/ERR11520699_2.fastq.gz
signatures/1afe9f1df77bf160ed7413c9f9ef484d.sig.gz,1afe9f1df77bf160ed7413c9f9ef484d,1afe9f1d,31,DNA,0,1000,791,1,ERR11520699,input/ERR11520699_2.fastq.gz
signatures/2f0d1a83b43c662499f2e9cf5208232f.sig.gz,2f0d1a83b43c662499f2e9cf5208232f,2f0d1a83,51,DNA,0,1000,1017,1,ERR11520699,input/ERR11520699_2.fastq.gz
