# SOURMASH-MANIFEST-VERSION: 1.0
internal_location,md5,md5short,ksize,moltype,num,scaled,n_hashes,with_abundance,name,filename
signatures/ad0f12671b1da8fa0da4d9a560013377.sig.gz,ad0f12671b1da8fa0da4d9a560013377,ad0f1267,21,DNA,0,100,12943,1,ERR11520695,input/weight_loss/ERR11520695_2.fastq.gz
signatures/76a7424abd04225386b75d72c85340f4.sig.gz,76a7424abd04225386b75d72c85340f4,76a7424a,31,DNA,0,100,17862,1,ERR11520695,input/weight_loss/ERR11520695_2.fastq.gz
signatures/e08ad4d46dd86ff2b4f4fe26864512b9.sig.gz,e08ad4d46dd86ff2b4f4fe26864512b9,e08ad4d4,51,DNA,0,100,22896,1,ERR11520695,input/weight_loss/ERR11520695_2.fastq.gz
