# SOURMASH-MANIFEST-VERSION: 1.0
internal_location,md5,md5short,ksize,moltype,num,scaled,n_hashes,with_abundance,name,filename
signatures/67b1ad01b08a038a43e000c598394358.sig.gz,67b1ad01b08a038a43e000c598394358,67b1ad01,21,DNA,0,1000,1473,1,ERR11520705,input/weight_loss/ERR11520705_2.fastq.gz
signatures/dcf02e5a3d620b4cbe4e40fcbd99bb3a.sig.gz,dcf02e5a3d620b4cbe4e40fcbd99bb3a,dcf02e5a,31,DNA,0,1000,2097,1,ERR11520705,input/weight_loss/ERR11520705_2.fastq.gz
signatures/9fbd939a262e61664152d20ae78b2d41.sig.gz,9fbd939a262e61664152d20ae78b2d41,9fbd939a,51,DNA,0,1000,2752,1,ERR11520705,input/weight_loss/ERR11520705_2.fastq.gz
