# SOURMASH-MANIFEST-VERSION: 1.0
internal_location,md5,md5short,ksize,moltype,num,scaled,n_hashes,with_abundance,name,filename
signatures/29485ea6545e929871adfd6de041796b.sig.gz,29485ea6545e929871adfd6de041796b,29485ea6,21,DNA,0,1000,1133,1,ERR11520710,input/weight_loss/ERR11520710_2.fastq.gz
signatures/90aaefbc8718b81179ff6c3e6f3ed1b6.sig.gz,90aaefbc8718b81179ff6c3e6f3ed1b6,90aaefbc,31,DNA,0,1000,1549,1,ERR11520710,input/weight_loss/ERR11520710_2.fastq.gz
signatures/e62f7eef1423d0bba31d74a536edd6df.sig.gz,e62f7eef1423d0bba31d74a536edd6df,e62f7eef,51,DNA,0,1000,2017,1,ERR11520710,input/weight_loss/ERR11520710_2.fastq.gz
