# SOURMASH-MANIFEST-VERSION: 1.0
internal_location,md5,md5short,ksize,moltype,num,scaled,n_hashes,with_abundance,name,filename
signatures/53090ee8aa2f7ba8c51a68e572e6540f.sig.gz,53090ee8aa2f7ba8c51a68e572e6540f,53090ee8,21,DNA,0,100,12096,1,ERR11520700,input/weight_loss/ERR11520700_2.fastq.gz
signatures/30c6bdd60879216a4490307508c37843.sig.gz,30c6bdd60879216a4490307508c37843,30c6bdd6,31,DNA,0,100,16651,1,ERR11520700,input/weight_loss/ERR11520700_2.fastq.gz
signatures/735df94e1812554133216427e94c1d44.sig.gz,735df94e1812554133216427e94c1d44,735df94e,51,DNA,0,100,21714,1,ERR11520700,input/weight_loss/ERR11520700_2.fastq.gz
