# SOURMASH-MANIFEST-VERSION: 1.0
internal_location,md5,md5short,ksize,moltype,num,scaled,n_hashes,with_abundance,name,filename
signatures/503b3e91b96d526f926f68e934850344.sig.gz,503b3e91b96d526f926f68e934850344,503b3e91,21,DNA,0,1000,1654,1,ERR11520689,input/weight_loss/ERR11520689_2.fastq.gz
signatures/3cec93d6d0ceb4fd5c906869aafd03fc.sig.gz,3cec93d6d0ceb4fd5c906869aafd03fc,3cec93d6,31,DNA,0,1000,2199,1,ERR11520689,input/weight_loss/ERR11520689_2.fastq.gz
signatures/6f1f19bd19029cba0d7cb64e4f2fc2c9.sig.gz,6f1f19bd19029cba0d7cb64e4f2fc2c9,6f1f19bd,51,DNA,0,1000,2932,1,ERR11520689,input/weight_loss/ERR11520689_2.fastq.gz
