# SOURMASH-MANIFEST-VERSION: 1.0
internal_location,md5,md5short,ksize,moltype,num,scaled,n_hashes,with_abundance,name,filename
signatures/db80ed620e98630c39605f673c7b23f0.sig.gz,db80ed620e98630c39605f673c7b23f0,db80ed62,21,DNA,0,100,19192,1,ERR11520722,input/weight_loss/ERR11520722_2.fastq.gz
signatures/9b1adc6556d05423e4516c95751b1b8d.sig.gz,9b1adc6556d05423e4516c95751b1b8d,9b1adc65,31,DNA,0,100,26311,1,ERR11520722,input/weight_loss/ERR11520722_2.fastq.gz
signatures/361e9d43df7af9c784343a85ec4a1edc.sig.gz,361e9d43df7af9c784343a85ec4a1edc,361e9d43,51,DNA,0,100,32962,1,ERR11520722,input/weight_loss/ERR11520722_2.fastq.gz
