# SOURMASH-MANIFEST-VERSION: 1.0
internal_location,md5,md5short,ksize,moltype,num,scaled,n_hashes,with_abundance,name,filename
signatures/56ced0f0897b53f3a0557ab7a5c4e568.sig.gz,56ced0f0897b53f3a0557ab7a5c4e568,56ced0f0,21,DNA,0,1000,1210,1,ERR11520700,input/ERR11520700_2.fastq.gz
signatures/153faf563b01263431d9e6a2bca3f91c.sig.gz,153faf563b01263431d9e6a2bca3f91c,153faf56,31,DNA,0,1000,1635,1,ERR11520700,input/ERR11520700_2.fastq.gz
signatures/5fc75d0e6ad6dd0efe92ea90bd02bd8c.sig.gz,5fc75d0e6ad6dd0efe92ea90bd02bd8c,5fc75d0e,51,DNA,0,1000,2196,1,ERR11520700,input/ERR11520700_2.fastq.gz
