# SOURMASH-MANIFEST-VERSION: 1.0
internal_location,md5,md5short,ksize,moltype,num,scaled,n_hashes,with_abundance,name,filename
signatures/ba33005763fd5052bc1862010dddc540.sig.gz,ba33005763fd5052bc1862010dddc540,ba330057,21,DNA,0,100,11337,1,ERR11520694,input/weight_loss/ERR11520694_2.fastq.gz
signatures/257c853d5a1c06a3b5367197a79f06bf.sig.gz,257c853d5a1c06a3b5367197a79f06bf,257c853d,31,DNA,0,100,15901,1,ERR11520694,input/weight_loss/ERR11520694_2.fastq.gz
signatures/fa892e053f6668858725a2d09c837fd1.sig.gz,fa892e053f6668858725a2d09c837fd1,fa892e05,51,DNA,0,100,20671,1,ERR11520694,input/weight_loss/ERR11520694_2.fastq.gz
