# SOURMASH-MANIFEST-VERSION: 1.0
internal_location,md5,md5short,ksize,moltype,num,scaled,n_hashes,with_abundance,name,filename
signatures/30e584453779d61d07be252aa248abbc.sig.gz,30e584453779d61d07be252aa248abbc,30e58445,21,DNA,0,100,22900,1,ERR11520719,input/weight_loss/ERR11520719_2.fastq.gz
signatures/7a62da91e5bde2930b680ba11da33de2.sig.gz,7a62da91e5bde2930b680ba11da33de2,7a62da91,31,DNA,0,100,31112,1,ERR11520719,input/weight_loss/ERR11520719_2.fastq.gz
signatures/51fbafb2068902a0b924f04ef46c461e.sig.gz,51fbafb2068902a0b924f04ef46c461e,51fbafb2,51,DNA,0,100,37295,1,ERR11520719,input/weight_loss/ERR11520719_2.fastq.gz
