# SOURMASH-MANIFEST-VERSION: 1.0
internal_location,md5,md5short,ksize,moltype,num,scaled,n_hashes,with_abundance,name,filename
signatures/937c39ee10789a31c3dcbc19c0829c8d.sig.gz,937c39ee10789a31c3dcbc19c0829c8d,937c39ee,21,DNA,0,100,8144,1,ERR11520706,input/weight_loss/ERR11520706_2.fastq.gz
signatures/0ec76cb96f3bdc3209d7b4d35c2b91b8.sig.gz,0ec76cb96f3bdc3209d7b4d35c2b91b8,0ec76cb9,31,DNA,0,100,11647,1,ERR11520706,input/weight_loss/ERR11520706_2.fastq.gz
signatures/b66eec6ba0c7e4b927ac7e3f2f0423f2.sig.gz,b66eec6ba0c7e4b927ac7e3f2f0423f2,b66eec6b,51,DNA,0,100,15538,1,ERR11520706,input/weight_loss/ERR11520706_2.fastq.gz
