# SOURMASH-MANIFEST-VERSION: 1.0
internal_location,md5,md5short,ksize,moltype,num,scaled,n_hashes,with_abundance,name,filename
signatures/2cf7689a521cfa87dde0e36eb58eb68c.sig.gz,2cf7689a521cfa87dde0e36eb58eb68c,2cf7689a,21,DNA,0,100,1993,1,ERR11579424,input/adolescent/ERR11579424_2.fastq.gz
signatures/d1901fd9ddd5ec3dfcbb8c8d9fc92f00.sig.gz,d1901fd9ddd5ec3dfcbb8c8d9fc92f00,d1901fd9,31,DNA,0,100,2631,1,ERR11579424,input/adolescent/ERR11579424_2.fastq.gz
signatures/9d68b2948fdce00123ca447e92df5dfa.sig.gz,9d68b2948fdce00123ca447e92df5dfa,9d68b294,51,DNA,0,100,2422,1,ERR11579424,input/adolescent/ERR11579424_2.fastq.gz
