# SOURMASH-MANIFEST-VERSION: 1.0
internal_location,md5,md5short,ksize,moltype,num,scaled,n_hashes,with_abundance,name,filename
signatures/b967c5ada3e292af81e5db4bfb552b13.sig.gz,b967c5ada3e292af81e5db4bfb552b13,b967c5ad,21,DNA,0,100,3325,1,ERR11579497,input/adolescent/ERR11579497_2.fastq.gz
signatures/03813b6d6b09bbe3984236c0c9922fe1.sig.gz,03813b6d6b09bbe3984236c0c9922fe1,03813b6d,31,DNA,0,100,4736,1,ERR11579497,input/adolescent/ERR11579497_2.fastq.gz
signatures/f4fd6874d46d986c7cb5ab33f38f870a.sig.gz,f4fd6874d46d986c7cb5ab33f38f870a,f4fd6874,51,DNA,0,100,4521,1,ERR11579497,input/adolescent/ERR11579497_2.fastq.gz
