# SOURMASH-MANIFEST-VERSION: 1.0
internal_location,md5,md5short,ksize,moltype,num,scaled,n_hashes,with_abundance,name,filename
signatures/f1abe6504c7c1f45689e14b8348adf39.sig.gz,f1abe6504c7c1f45689e14b8348adf39,f1abe650,21,DNA,0,100,15364,1,ERR11520711,input/weight_loss/ERR11520711_2.fastq.gz
signatures/702c747dbe7072c4808d22c3babe333d.sig.gz,702c747dbe7072c4808d22c3babe333d,702c747d,31,DNA,0,100,21256,1,ERR11520711,input/weight_loss/ERR11520711_2.fastq.gz
signatures/9fa0fff2e5c0b76bd8c8913f7c4ffefc.sig.gz,9fa0fff2e5c0b76bd8c8913f7c4ffefc,9fa0fff2,51,DNA,0,100,27774,1,ERR11520711,input/weight_loss/ERR11520711_2.fastq.gz
