# SOURMASH-MANIFEST-VERSION: 1.0
internal_location,md5,md5short,ksize,moltype,num,scaled,n_hashes,with_abundance,name,filename
signatures/290f641290c5cd0fa614264cd0e16005.sig.gz,290f641290c5cd0fa614264cd0e16005,290f6412,21,DNA,0,1000,1128,1,ERR11520714,input/ERR11520714_2.fastq.gz
signatures/f5b1556f0ca2706da04df35c800f20a8.sig.gz,f5b1556f0ca2706da04df35c800f20a8,f5b1556f,31,DNA,0,1000,1631,1,ERR11520714,input/ERR11520714_2.fastq.gz
signatures/ed84a8120075e4a6b185597bfb2c51f2.sig.gz,ed84a8120075e4a6b185597bfb2c51f2,ed84a812,51,DNA,0,1000,2157,1,ERR11520714,input/ERR11520714_2.fastq.gz
