# SOURMASH-MANIFEST-VERSION: 1.0
internal_location,md5,md5short,ksize,moltype,num,scaled,n_hashes,with_abundance,name,filename
signatures/e531873b36a1da4fb1dcc1c664ae0dac.sig.gz,e531873b36a1da4fb1dcc1c664ae0dac,e531873b,21,DNA,0,100,11804,1,ERR11520707,input/weight_loss/ERR11520707_2.fastq.gz
signatures/b2bb4e79b3397f7fe40cc12c0da4b2ec.sig.gz,b2bb4e79b3397f7fe40cc12c0da4b2ec,b2bb4e79,31,DNA,0,100,16453,1,ERR11520707,input/weight_loss/ERR11520707_2.fastq.gz
signatures/0008140aaa11cc06eeeafd71a2945018.sig.gz,0008140aaa11cc06eeeafd71a2945018,0008140a,51,DNA,0,100,21459,1,ERR11520707,input/weight_loss/ERR11520707_2.fastq.gz
