# SOURMASH-MANIFEST-VERSION: 1.0
internal_location,md5,md5short,ksize,moltype,num,scaled,n_hashes,with_abundance,name,filename
signatures/78ae7c59502a2424a696263f0823b87c.sig.gz,78ae7c59502a2424a696263f0823b87c,78ae7c59,21,DNA,0,100,19957,1,ERR11520716,input/weight_loss/ERR11520716_2.fastq.gz
signatures/727209de3de7719b1408a289b5e1d1ee.sig.gz,727209de3de7719b1408a289b5e1d1ee,727209de,31,DNA,0,100,27790,1,ERR11520716,input/weight_loss/ERR11520716_2.fastq.gz
signatures/88caf3ed6cef90a918dc4fa7db8b8e03.sig.gz,88caf3ed6cef90a918dc4fa7db8b8e03,88caf3ed,51,DNA,0,100,34310,1,ERR11520716,input/weight_loss/ERR11520716_2.fastq.gz
