# SOURMASH-MANIFEST-VERSION: 1.0
internal_location,md5,md5short,ksize,moltype,num,scaled,n_hashes,with_abundance,name,filename
signatures/0b3b21fc661bb09e06a0c5ef72a9859f.sig.gz,0b3b21fc661bb09e06a0c5ef72a9859f,0b3b21fc,21,DNA,0,100,15974,1,ERR11520724,input/weight_loss/ERR11520724_2.fastq.gz
signatures/68b1f0b6adfdea2579274e77e58521d7.sig.gz,68b1f0b6adfdea2579274e77e58521d7,68b1f0b6,31,DNA,0,100,22409,1,ERR11520724,input/weight_loss/ERR11520724_2.fastq.gz
signatures/190a5c9ff84feb24daad15def3afd930.sig.gz,190a5c9ff84feb24daad15def3afd930,190a5c9f,51,DNA,0,100,28155,1,ERR11520724,input/weight_loss/ERR11520724_2.fastq.gz
