# SOURMASH-MANIFEST-VERSION: 1.0
internal_location,md5,md5short,ksize,moltype,num,scaled,n_hashes,with_abundance,name,filename
signatures/4e301695086085f636d8f30b4b4d9497.sig.gz,4e301695086085f636d8f30b4b4d9497,4e301695,21,DNA,0,1000,1101,1,ERR11520701,input/ERR11520701_2.fastq.gz
signatures/8c30af94dbe4ff113c48c512b5fca9c1.sig.gz,8c30af94dbe4ff113c48c512b5fca9c1,8c30af94,31,DNA,0,1000,1592,1,ERR11520701,input/ERR11520701_2.fastq.gz
signatures/028fbbcaa5a21a00953262c81a740b97.sig.gz,028fbbcaa5a21a00953262c81a740b97,028fbbca,51,DNA,0,1000,2040,1,ERR11520701,input/ERR11520701_2.fastq.gz
