# SOURMASH-MANIFEST-VERSION: 1.0
internal_location,md5,md5short,ksize,moltype,num,scaled,n_hashes,with_abundance,name,filename
signatures/25dc59be74e6d7255450ee090b9ec093.sig.gz,25dc59be74e6d7255450ee090b9ec093,25dc59be,21,DNA,0,1000,788,1,ERR11520709,input/weight_loss/ERR11520709_2.fastq.gz
signatures/1fe6e054c1ee23e48d34e4b86adbd1df.sig.gz,1fe6e054c1ee23e48d34e4b86adbd1df,1fe6e054,31,DNA,0,1000,1146,1,ERR11520709,input/weight_loss/ERR11520709_2.fastq.gz
signatures/d47ebdb693f58a1f133e71fbafcfd7ce.sig.gz,d47ebdb693f58a1f133e71fbafcfd7ce,d47ebdb6,51,DNA,0,1000,1429,1,ERR11520709,input/weight_loss/ERR11520709_2.fastq.gz
