# SOURMASH-MANIFEST-VERSION: 1.0
internal_location,md5,md5short,ksize,moltype,num,scaled,n_hashes,with_abundance,name,filename
signatures/5f471e372273106825b127f78e67e790.sig.gz,5f471e372273106825b127f78e67e790,5f471e37,21,DNA,0,100,14934,1,ERR11520705,input/weight_loss/ERR11520705_2.fastq.gz
signatures/87e5a291eb03504fdc1a166d5af01b5b.sig.gz,87e5a291eb03504fdc1a166d5af01b5b,87e5a291,31,DNA,0,100,20877,1,ERR11520705,input/weight_loss/ERR11520705_2.fastq.gz
signatures/7bf80275e8159ed5cf9e6beb446cf307.sig.gz,7bf80275e8159ed5cf9e6beb446cf307,7bf80275,51,DNA,0,100,27364,1,ERR11520705,input/weight_loss/ERR11520705_2.fastq.gz
