# SOURMASH-MANIFEST-VERSION: 1.0
internal_location,md5,md5short,ksize,moltype,num,scaled,n_hashes,with_abundance,name,filename
signatures/65c9ddf40d06afda36e4cb094f9f26cd.sig.gz,65c9ddf40d06afda36e4cb094f9f26cd,65c9ddf4,21,DNA,0,1000,605,1,ERR11520696,input/ERR11520696_2.fastq.gz
signatures/be6cf6739f474a72a62a6f3e3bb2d7d3.sig.gz,be6cf6739f474a72a62a6f3e3bb2d7d3,be6cf673,31,DNA,0,1000,901,1,ERR11520696,input/ERR11520696_2.fastq.gz
signatures/6df4a470ab9c4ef759c0323b44a76915.sig.gz,6df4a470ab9c4ef759c0323b44a76915,6df4a470,51,DNA,0,1000,1053,1,ERR11520696,input/ERR11520696_2.fastq.gz
