# SOURMASH-MANIFEST-VERSION: 1.0
internal_location,md5,md5short,ksize,moltype,num,scaled,n_hashes,with_abundance,name,filename
signatures/403086b211859657a951ac72d90936ce.sig.gz,403086b211859657a951ac72d90936ce,403086b2,21,DNA,0,1000,1436,1,ERR11520727,input/weight_loss/ERR11520727_2.fastq.gz
signatures/0035a5126382f453d2596f3d448fcbe2.sig.gz,0035a5126382f453d2596f3d448fcbe2,0035a512,31,DNA,0,1000,2008,1,ERR11520727,input/weight_loss/ERR11520727_2.fastq.gz
signatures/61ea83f9d73a9ed0bee2f65e4298dbee.sig.gz,61ea83f9d73a9ed0bee2f65e4298dbee,61ea83f9,51,DNA,0,1000,2584,1,ERR11520727,input/weight_loss/ERR11520727_2.fastq.gz
