# SOURMASH-MANIFEST-VERSION: 1.0
internal_location,md5,md5short,ksize,moltype,num,scaled,n_hashes,with_abundance,name,filename
signatures/a359ba47a473efca884c8001a2c89067.sig.gz,a359ba47a473efca884c8001a2c89067,a359ba47,21,DNA,0,100,11343,1,ERR11520701,input/weight_loss/ERR11520701_2.fastq.gz
signatures/332c0d9ddd6581e19c9da1d14d58dfca.sig.gz,332c0d9ddd6581e19c9da1d14d58dfca,332c0d9d,31,DNA,0,100,16169,1,ERR11520701,input/weight_loss/ERR11520701_2.fastq.gz
signatures/781ee8ebd304f08b77d1568ed11e0fca.sig.gz,781ee8ebd304f08b77d1568ed11e0fca,781ee8eb,51,DNA,0,100,20571,1,ERR11520701,input/weight_loss/ERR11520701_2.fastq.gz
