# SOURMASH-MANIFEST-VERSION: 1.0
internal_location,md5,md5short,ksize,moltype,num,scaled,n_hashes,with_abundance,name,filename
signatures/ce698f4200543a995e5593a85a9b5625.sig.gz,ce698f4200543a995e5593a85a9b5625,ce698f42,21,DNA,0,1000,1482,1,ERR11520718,input/weight_loss/ERR11520718_2.fastq.gz
signatures/9206c300ce51d53d817976ddae512092.sig.gz,9206c300ce51d53d817976ddae512092,9206c300,31,DNA,0,1000,1967,1,ERR11520718,input/weight_loss/ERR11520718_2.fastq.gz
signatures/9f54d30b8f06c388bf3b3b150f0604b4.sig.gz,9f54d30b8f06c388bf3b3b150f0604b4,9f54d30b,51,DNA,0,1000,2376,1,ERR11520718,input/weight_loss/ERR11520718_2.fastq.gz
