# SOURMASH-MANIFEST-VERSION: 1.0
internal_location,md5,md5short,ksize,moltype,num,scaled,n_hashes,with_abundance,name,filename
signatures/e9a5d5e0e89bb0a6a7788ee65ef65a54.sig.gz,e9a5d5e0e89bb0a6a7788ee65ef65a54,e9a5d5e0,21,DNA,0,1000,1485,1,ERR11520713,input/ERR11520713_2.fastq.gz
signatures/016334a2f757db7935f6492f8992bb32.sig.gz,016334a2f757db7935f6492f8992bb32,016334a2,31,DNA,0,1000,2162,1,ERR11520713,input/ERR11520713_2.fastq.gz
signatures/d9106e95528ffc882c77a04caee081f2.sig.gz,d9106e95528ffc882c77a04caee081f2,d9106e95,51,DNA,0,1000,2794,1,ERR11520713,input/ERR11520713_2.fastq.gz
