# SOURMASH-MANIFEST-VERSION: 1.0
internal_location,md5,md5short,ksize,moltype,num,scaled,n_hashes,with_abundance,name,filename
signatures/79ea9d150c18f5225d1acb00973712e8.sig.gz,79ea9d150c18f5225d1acb00973712e8,79ea9d15,21,DNA,0,1000,1002,1,ERR11520712,input/ERR11520712_2.fastq.gz
signatures/663f7bafe23bd25f75db0f9130458591.sig.gz,663f7bafe23bd25f75db0f9130458591,663f7baf,31,DNA,0,1000,1502,1,ERR11520712,input/ERR11520712_2.fastq.gz
signatures/723c20a8d09a55a0deed9ffc53602eb1.sig.gz,723c20a8d09a55a0deed9ffc53602eb1,723c20a8,51,DNA,0,1000,1922,1,ERR11520712,input/ERR11520712_2.fastq.gz
