# SOURMASH-MANIFEST-VERSION: 1.0
internal_location,md5,md5short,ksize,moltype,num,scaled,n_hashes,with_abundance,name,filename
signatures/0996c6b7b3bc50ce642ccbb0a40f57ac.sig.gz,0996c6b7b3bc50ce642ccbb0a40f57ac,0996c6b7,21,DNA,0,1000,1230,1,ERR11520695,input/weight_loss/ERR11520695_2.fastq.gz
signatures/834e05ab28ca00e1685e1266d401aa65.sig.gz,834e05ab28ca00e1685e1266d401aa65,834e05ab,31,DNA,0,1000,1777,1,ERR11520695,input/weight_loss/ERR11520695_2.fastq.gz
signatures/1552fb6026174ef13599c5efb0a7f7bd.sig.gz,1552fb6026174ef13599c5efb0a7f7bd,1552fb60,51,DNA,0,1000,2302,1,ERR11520695,input/weight_loss/ERR11520695_2.fastq.gz
