# SOURMASH-MANIFEST-VERSION: 1.0
internal_location,md5,md5short,ksize,moltype,num,scaled,n_hashes,with_abundance,name,filename
signatures/fbd22fb39cf97eae369066204d964096.sig.gz,fbd22fb39cf97eae369066204d964096,fbd22fb3,21,DNA,0,100,6093,1,ERR11520699,input/weight_loss/ERR11520699_2.fastq.gz
signatures/46ca8a10d49ec36dcaaa4f877f399751.sig.gz,46ca8a10d49ec36dcaaa4f877f399751,46ca8a10,31,DNA,0,100,8497,1,ERR11520699,input/weight_loss/ERR11520699_2.fastq.gz
signatures/4c684c9cbeb90a781e76bc095cf33a73.sig.gz,4c684c9cbeb90a781e76bc095cf33a73,4c684c9c,51,DNA,0,100,11144,1,ERR11520699,input/weight_loss/ERR11520699_2.fastq.gz
