# SOURMASH-MANIFEST-VERSION: 1.0
internal_location,md5,md5short,ksize,moltype,num,scaled,n_hashes,with_abundance,name,filename
signatures/d44f14867ff8ee6f70b297109af7a3a8.sig.gz,d44f14867ff8ee6f70b297109af7a3a8,d44f1486,21,DNA,0,1000,1924,1,ERR11520726,input/weight_loss/ERR11520726_2.fastq.gz
signatures/8d5181f7d62574f4d1dd035a5a0230ff.sig.gz,8d5181f7d62574f4d1dd035a5a0230ff,8d5181f7,31,DNA,0,1000,2712,1,ERR11520726,input/weight_loss/ERR11520726_2.fastq.gz
signatures/ccf10f0b4fc4e12a91c7c9f858145ba2.sig.gz,ccf10f0b4fc4e12a91c7c9f858145ba2,ccf10f0b,51,DNA,0,1000,3185,1,ERR11520726,input/weight_loss/ERR11520726_2.fastq.gz
