# SOURMASH-MANIFEST-VERSION: 1.0
internal_location,md5,md5short,ksize,moltype,num,scaled,n_hashes,with_abundance,name,filename
signatures/9a284ef87fb8e6d822ba1528a8b828b4.sig.gz,9a284ef87fb8e6d822ba1528a8b828b4,9a284ef8,21,DNA,0,100,9034,1,ERR11520697,input/weight_loss/ERR11520697_2.fastq.gz
signatures/519b6ba70c086ee2a91aa79ae147bb69.sig.gz,519b6ba70c086ee2a91aa79ae147bb69,519b6ba7,31,DNA,0,100,12763,1,ERR11520697,input/weight_loss/ERR11520697_2.fastq.gz
signatures/a99dcafc16157c828ce8dc454019d75d.sig.gz,a99dcafc16157c828ce8dc454019d75d,a99dcafc,51,DNA,0,100,16876,1,ERR11520697,input/weight_loss/ERR11520697_2.fastq.gz
