# SOURMASH-MANIFEST-VERSION: 1.0
internal_location,md5,md5short,ksize,moltype,num,scaled,n_hashes,with_abundance,name,filename
signatures/57beffea8c268517841453fea71a19b7.sig.gz,57beffea8c268517841453fea71a19b7,57beffea,21,DNA,0,1000,1066,1,ERR11520694,input/weight_loss/ERR11520694_2.fastq.gz
signatures/9f9947ac6e1ff08629a2c0186a862b5b.sig.gz,9f9947ac6e1ff08629a2c0186a862b5b,9f9947ac,31,DNA,0,1000,1570,1,ERR11520694,input/weight_loss/ERR11520694_2.fastq.gz
signatures/ab514ed704607684be7bea59928d24c4.sig.gz,ab514ed704607684be7bea59928d24c4,ab514ed7,51,DNA,0,1000,2073,1,ERR11520694,input/weight_loss/ERR11520694_2.fastq.gz
