# SOURMASH-MANIFEST-VERSION: 1.0
internal_location,md5,md5short,ksize,moltype,num,scaled,n_hashes,with_abundance,name,filename
signatures/a32f5b909d678138cb72d460406a8633.sig.gz,a32f5b909d678138cb72d460406a8633,a32f5b90,21,DNA,0,100,17507,1,ERR11520708,input/weight_loss/ERR11520708_2.fastq.gz
signatures/93e2b7ddd152cb2824c64c81040479c0.sig.gz,93e2b7ddd152cb2824c64c81040479c0,93e2b7dd,31,DNA,0,100,24829,1,ERR11520708,input/weight_loss/ERR11520708_2.fastq.gz
signatures/7eec2f827fd14cba98bf118da297de8a.sig.gz,7eec2f827fd14cba98bf118da297de8a,7eec2f82,51,DNA,0,100,33478,1,ERR11520708,input/weight_loss/ERR11520708_2.fastq.gz
