# SOURMASH-MANIFEST-VERSION: 1.0
internal_location,md5,md5short,ksize,moltype,num,scaled,n_hashes,with_abundance,name,filename
signatures/e9e1e51690211ef02e22631672fe29ce.sig.gz,e9e1e51690211ef02e22631672fe29ce,e9e1e516,21,DNA,0,1000,1198,1,ERR11520717,input/weight_loss/ERR11520717_2.fastq.gz
signatures/998a4886e1dcccaccd71187fd813057b.sig.gz,998a4886e1dcccaccd71187fd813057b,998a4886,31,DNA,0,1000,1567,1,ERR11520717,input/weight_loss/ERR11520717_2.fastq.gz
signatures/f8cfed9374830acccb79e69d9952c7fe.sig.gz,f8cfed9374830acccb79e69d9952c7fe,f8cfed93,51,DNA,0,1000,1787,1,ERR11520717,input/weight_loss/ERR11520717_2.fastq.gz
