# SOURMASH-MANIFEST-VERSION: 1.0
internal_location,md5,md5short,ksize,moltype,num,scaled,n_hashes,with_abundance,name,filename
signatures/f27781060de0d47e7ef31e13f826d521.sig.gz,f27781060de0d47e7ef31e13f826d521,f2778106,21,DNA,0,1000,1873,1,ERR11520721,input/ERR11520721_2.fastq.gz
signatures/9197e277b4d8b783f8a15aa863b439e7.sig.gz,9197e277b4d8b783f8a15aa863b439e7,9197e277,31,DNA,0,1000,2580,1,ERR11520721,input/ERR11520721_2.fastq.gz
signatures/16f6dd08e66f3705dfb41694c6543e6a.sig.gz,16f6dd08e66f3705dfb41694c6543e6a,16f6dd08,51,DNA,0,1000,3069,1,ERR11520721,input/ERR11520721_2.fastq.gz
