# SOURMASH-MANIFEST-VERSION: 1.0
internal_location,md5,md5short,ksize,moltype,num,scaled,n_hashes,with_abundance,name,filename
signatures/a36b3ef4888d0feea749328970fb3e90.sig.gz,a36b3ef4888d0feea749328970fb3e90,a36b3ef4,21,DNA,0,100,15454,1,ERR11520698,input/weight_loss/ERR11520698_2.fastq.gz
signatures/ef6c04fdc124d232de9af6491556c423.sig.gz,ef6c04fdc124d232de9af6491556c423,ef6c04fd,31,DNA,0,100,21768,1,ERR11520698,input/weight_loss/ERR11520698_2.fastq.gz
signatures/85fc696a775721697e83a45598462bb0.sig.gz,85fc696a775721697e83a45598462bb0,85fc696a,51,DNA,0,100,27937,1,ERR11520698,input/weight_loss/ERR11520698_2.fastq.gz
