# SOURMASH-MANIFEST-VERSION: 1.0
internal_location,md5,md5short,ksize,moltype,num,scaled,n_hashes,with_abundance,name,filename
signatures/6db1fcbc17b227af687516b2d2492c44.sig.gz,6db1fcbc17b227af687516b2d2492c44,6db1fcbc,21,DNA,0,1000,865,1,ERR11520697,input/ERR11520697_2.fastq.gz
signatures/c5a53251656006b915baf0572cd0d2e6.sig.gz,c5a53251656006b915baf0572cd0d2e6,c5a53251,31,DNA,0,1000,1241,1,ERR11520697,input/ERR11520697_2.fastq.gz
signatures/f11df869736cc344fff0d686ce513e4a.sig.gz,f11df869736cc344fff0d686ce513e4a,f11df869,51,DNA,0,1000,1655,1,ERR11520697,input/ERR11520697_2.fastq.gz
