# SOURMASH-MANIFEST-VERSION: 1.0
internal_location,md5,md5short,ksize,moltype,num,scaled,n_hashes,with_abundance,name,filename
signatures/c766c744be5c40c2d267f2d2405d38be.sig.gz,c766c744be5c40c2d267f2d2405d38be,c766c744,21,DNA,0,100,17310,1,ERR11520728,input/weight_loss/ERR11520728_2.fastq.gz
signatures/a2d6b5dca42352945815f0a2be2acbc7.sig.gz,a2d6b5dca42352945815f0a2be2acbc7,a2d6b5dc,31,DNA,0,100,23757,1,ERR11520728,input/weight_loss/ERR11520728_2.fastq.gz
signatures/788fcec02834e536fb874359453a7b33.sig.gz,788fcec02834e536fb874359453a7b33,788fcec0,51,DNA,0,100,29486,1,ERR11520728,input/weight_loss/ERR11520728_2.fastq.gz
