# SOURMASH-MANIFEST-VERSION: 1.0
internal_location,md5,md5short,ksize,moltype,num,scaled,n_hashes,with_abundance,name,filename
signatures/7c25241d9bdfdd7ac9eceb6a8717c0a1.sig.gz,7c25241d9bdfdd7ac9eceb6a8717c0a1,7c25241d,21,DNA,0,1000,772,1,ERR11520706,input/ERR11520706_2.fastq.gz
signatures/5ba64c4456d6ebb1e228581d4470c6e0.sig.gz,5ba64c4456d6ebb1e228581d4470c6e0,5ba64c44,31,DNA,0,1000,1180,1,ERR11520706,input/ERR11520706_2.fastq.gz
signatures/24397065fe5cb4aa00aa4d83db4845c0.sig.gz,24397065fe5cb4aa00aa4d83db4845c0,24397065,51,DNA,0,1000,1599,1,ERR11520706,input/ERR11520706_2.fastq.gz
