# SOURMASH-MANIFEST-VERSION: 1.0
internal_location,md5,md5short,ksize,moltype,num,scaled,n_hashes,with_abundance,name,filename
signatures/0f82aaee4ce9ba94a7d767a0fcf5a70a.sig.gz,0f82aaee4ce9ba94a7d767a0fcf5a70a,0f82aaee,21,DNA,0,1000,1856,1,ERR11520725,input/ERR11520725_2.fastq.gz
signatures/8a93003ab5f07fe524e8a10aaf488c0d.sig.gz,8a93003ab5f07fe524e8a10aaf488c0d,8a93003a,31,DNA,0,1000,2613,1,ERR11520725,input/ERR11520725_2.fastq.gz
signatures/fd2c8b16f22dba564f55cba0637d1277.sig.gz,fd2c8b16f22dba564f55cba0637d1277,fd2c8b16,51,DNA,0,1000,3181,1,ERR11520725,input/ERR11520725_2.fastq.gz
