# SOURMASH-MANIFEST-VERSION: 1.0
internal_location,md5,md5short,ksize,moltype,num,scaled,n_hashes,with_abundance,name,filename
signatures/0928baafbbdbf2c9ae6129b7d546c1ef.sig.gz,0928baafbbdbf2c9ae6129b7d546c1ef,0928baaf,21,DNA,0,1000,2001,1,ERR11520716,input/ERR11520716_2.fastq.gz
signatures/4d9a2ef01144ad8d1dc3d58e404a6639.sig.gz,4d9a2ef01144ad8d1dc3d58e404a6639,4d9a2ef0,31,DNA,0,1000,2816,1,ERR11520716,input/ERR11520716_2.fastq.gz
signatures/b399304536ede9028199f5ac760b9347.sig.gz,b399304536ede9028199f5ac760b9347,b3993045,51,DNA,0,1000,3416,1,ERR11520716,input/ERR11520716_2.fastq.gz
