# SOURMASH-MANIFEST-VERSION: 1.0
internal_location,md5,md5short,ksize,moltype,num,scaled,n_hashes,with_abundance,name,filename
signatures/b15f821520571f050aab67e007a98f7d.sig.gz,b15f821520571f050aab67e007a98f7d,b15f8215,21,DNA,0,100,11536,1,ERR11520710,input/weight_loss/ERR11520710_2.fastq.gz
signatures/74b2ea1b1ab15758b80cc86be32234b6.sig.gz,74b2ea1b1ab15758b80cc86be32234b6,74b2ea1b,31,DNA,0,100,16105,1,ERR11520710,input/weight_loss/ERR11520710_2.fastq.gz
signatures/a24d12dd55e20be64acba2b3549fb5e8.sig.gz,a24d12dd55e20be64acba2b3549fb5e8,a24d12dd,51,DNA,0,100,20553,1,ERR11520710,input/weight_loss/ERR11520710_2.fastq.gz
