# SOURMASH-MANIFEST-VERSION: 1.0
internal_location,md5,md5short,ksize,moltype,num,scaled,n_hashes,with_abundance,name,filename
signatures/e518ae7eb3ef3872b1bd4637e1fd85b0.sig.gz,e518ae7eb3ef3872b1bd4637e1fd85b0,e518ae7e,21,DNA,0,100,13318,1,ERR11520693,input/weight_loss/ERR11520693_2.fastq.gz
signatures/9560db5420a13ebf1630ab4902b3e669.sig.gz,9560db5420a13ebf1630ab4902b3e669,9560db54,31,DNA,0,100,18346,1,ERR11520693,input/weight_loss/ERR11520693_2.fastq.gz
signatures/99bfc72a6a8a1f0f75acd41230618359.sig.gz,99bfc72a6a8a1f0f75acd41230618359,99bfc72a,51,DNA,0,100,23782,1,ERR11520693,input/weight_loss/ERR11520693_2.fastq.gz
