# SOURMASH-MANIFEST-VERSION: 1.0
internal_location,md5,md5short,ksize,moltype,num,scaled,n_hashes,with_abundance,name,filename
signatures/31fcc75be4250c7cd572f327a0e40713.sig.gz,31fcc75be4250c7cd572f327a0e40713,31fcc75b,21,DNA,0,1000,1750,1,ERR11520728,input/ERR11520728_2.fastq.gz
signatures/b977d83b17083bce88bfe92e6d53528c.sig.gz,b977d83b17083bce88bfe92e6d53528c,b977d83b,31,DNA,0,1000,2342,1,ERR11520728,input/ERR11520728_2.fastq.gz
signatures/e3fa13908379c600d6d928e7dbc4f8ba.sig.gz,e3fa13908379c600d6d928e7dbc4f8ba,e3fa1390,51,DNA,0,1000,2953,1,ERR11520728,input/ERR11520728_2.fastq.gz
