# SOURMASH-MANIFEST-VERSION: 1.0
internal_location,md5,md5short,ksize,moltype,num,scaled,n_hashes,with_abundance,name,filename
signatures/df280c7e21a2ff4cb6651e7f990b38ba.sig.gz,df280c7e21a2ff4cb6651e7f990b38ba,df280c7e,21,DNA,0,1000,1492,1,ERR11520698,input/ERR11520698_2.fastq.gz
signatures/0995b0515caa714d1028d0500f1d5e94.sig.gz,0995b0515caa714d1028d0500f1d5e94,0995b051,31,DNA,0,1000,2161,1,ERR11520698,input/ERR11520698_2.fastq.gz
signatures/18af76ceac508f517281a34c58d1e8eb.sig.gz,18af76ceac508f517281a34c58d1e8eb,18af76ce,51,DNA,0,1000,2780,1,ERR11520698,input/ERR11520698_2.fastq.gz
