# SOURMASH-MANIFEST-VERSION: 1.0
internal_location,md5,md5short,ksize,moltype,num,scaled,n_hashes,with_abundance,name,filename
signatures/e78113fc017d1dfeb12cb8063b6ce694.sig.gz,e78113fc017d1dfeb12cb8063b6ce694,e78113fc,21,DNA,0,100,11546,1,ERR11520714,input/weight_loss/ERR11520714_2.fastq.gz
signatures/dbcbdf18563d88d2144a86fa98d9b784.sig.gz,dbcbdf18563d88d2144a86fa98d9b784,dbcbdf18,31,DNA,0,100,16524,1,ERR11520714,input/weight_loss/ERR11520714_2.fastq.gz
signatures/f73b5c91909646cc842e07c28fb6c9d9.sig.gz,f73b5c91909646cc842e07c28fb6c9d9,f73b5c91,51,DNA,0,100,21376,1,ERR11520714,input/weight_loss/ERR11520714_2.fastq.gz
