# SOURMASH-MANIFEST-VERSION: 1.0
internal_location,md5,md5short,ksize,moltype,num,scaled,n_hashes,with_abundance,name,filename
signatures/cf295e7577e7be2416801efe56862f24.sig.gz,cf295e7577e7be2416801efe56862f24,cf295e75,21,DNA,0,100,14857,1,ERR11520718,input/weight_loss/ERR11520718_2.fastq.gz
signatures/c163d4176825e0355d8911108bec126f.sig.gz,c163d4176825e0355d8911108bec126f,c163d417,31,DNA,0,100,20361,1,ERR11520718,input/weight_loss/ERR11520718_2.fastq.gz
signatures/4b7100b87d8c9ad5f6f4a16ddd1ca43a.sig.gz,4b7100b87d8c9ad5f6f4a16ddd1ca43a,4b7100b8,51,DNA,0,100,25007,1,ERR11520718,input/weight_loss/ERR11520718_2.fastq.gz
