# SOURMASH-MANIFEST-VERSION: 1.0
internal_location,md5,md5short,ksize,moltype,num,scaled,n_hashes,with_abundance,name,filename
signatures/6e13f0e6d7cbd68b9a9e20332b3823de.sig.gz,6e13f0e6d7cbd68b9a9e20332b3823de,6e13f0e6,21,DNA,0,100,19189,1,ERR11520726,input/weight_loss/ERR11520726_2.fastq.gz
signatures/914fa4025f22eb074c74c91eef1cbe58.sig.gz,914fa4025f22eb074c74c91eef1cbe58,914fa402,31,DNA,0,100,26326,1,ERR11520726,input/weight_loss/ERR11520726_2.fastq.gz
signatures/952b57f50dcc8ec931f03fd4bb880f49.sig.gz,952b57f50dcc8ec931f03fd4bb880f49,952b57f5,51,DNA,0,100,32338,1,ERR11520726,input/weight_loss/ERR11520726_2.fastq.gz
