# SOURMASH-MANIFEST-VERSION: 1.0
internal_location,md5,md5short,ksize,moltype,num,scaled,n_hashes,with_abundance,name,filename
signatures/5223d8654043eec00b58121e48eab9ee.sig.gz,5223d8654043eec00b58121e48eab9ee,5223d865,21,DNA,0,100,16502,1,ERR11520689,input/weight_loss/ERR11520689_2.fastq.gz
signatures/46af863af7a670cd259233a2dd11bf64.sig.gz,46af863af7a670cd259233a2dd11bf64,46af863a,31,DNA,0,100,23101,1,ERR11520689,input/weight_loss/ERR11520689_2.fastq.gz
signatures/2fddd5b678ee24b0841b501b99f0548b.sig.gz,2fddd5b678ee24b0841b501b99f0548b,2fddd5b6,51,DNA,0,100,29676,1,ERR11520689,input/weight_loss/ERR11520689_2.fastq.gz
