# SOURMASH-MANIFEST-VERSION: 1.0
internal_location,md5,md5short,ksize,moltype,num,scaled,n_hashes,with_abundance,name,filename
signatures/7bb88110ed49c497a7cb3899c6d61ef3.sig.gz,7bb88110ed49c497a7cb3899c6d61ef3,7bb88110,21,DNA,0,100,11449,1,ERR11520717,input/weight_loss/ERR11520717_2.fastq.gz
signatures/646c026f245a34fc79a25dcf865db95d.sig.gz,646c026f245a34fc79a25dcf865db95d,646c026f,31,DNA,0,100,15077,1,ERR11520717,input/weight_loss/ERR11520717_2.fastq.gz
signatures/cd84407154fa193811cb3ed71f8f270e.sig.gz,cd84407154fa193811cb3ed71f8f270e,cd844071,51,DNA,0,100,17816,1,ERR11520717,input/weight_loss/ERR11520717_2.fastq.gz
