# SOURMASH-MANIFEST-VERSION: 1.0
internal_location,md5,md5short,ksize,moltype,num,scaled,n_hashes,with_abundance,name,filename
signatures/8ee6ccd26cfc1c9b55ec26efc32339dd.sig.gz,8ee6ccd26cfc1c9b55ec26efc32339dd,8ee6ccd2,21,DNA,0,100,16631,1,ERR11520704,input/weight_loss/ERR11520704_2.fastq.gz
signatures/fdad37b23de5f4ccdb87a805b58531ef.sig.gz,fdad37b23de5f4ccdb87a805b58531ef,fdad37b2,31,DNA,0,100,24157,1,ERR11520704,input/weight_loss/ERR11520704_2.fastq.gz
signatures/ae1dd267a1bee4f2539524f0ec6ec6f3.sig.gz,ae1dd267a1bee4f2539524f0ec6ec6f3,ae1dd267,51,DNA,0,100,31496,1,ERR11520704,input/weight_loss/ERR11520704_2.fastq.gz
