# SOURMASH-MANIFEST-VERSION: 1.0
internal_location,md5,md5short,ksize,moltype,num,scaled,n_hashes,with_abundance,name,filename
signatures/aca6d6c8e3eb8f8979cef30255388829.sig.gz,aca6d6c8e3eb8f8979cef30255388829,aca6d6c8,21,DNA,0,100,18393,1,ERR11520721,input/weight_loss/ERR11520721_2.fastq.gz
signatures/3228c43f40600e3e1c22d528726a9e20.sig.gz,3228c43f40600e3e1c22d528726a9e20,3228c43f,31,DNA,0,100,25402,1,ERR11520721,input/weight_loss/ERR11520721_2.fastq.gz
signatures/c31bc5408ea44e82527e1fa367ad914e.sig.gz,c31bc5408ea44e82527e1fa367ad914e,c31bc540,51,DNA,0,100,31292,1,ERR11520721,input/weight_loss/ERR11520721_2.fastq.gz
