# SOURMASH-MANIFEST-VERSION: 1.0
internal_location,md5,md5short,ksize,moltype,num,scaled,n_hashes,with_abundance,name,filename
signatures/93a99b82ebd3aede377ad38da72cdd2f.sig.gz,93a99b82ebd3aede377ad38da72cdd2f,93a99b82,21,DNA,0,1000,965,1,ERR11520691,input/ERR11520691_2.fastq.gz
signatures/0e5103cc397fad5d53c1cfdb7e89f499.sig.gz,0e5103cc397fad5d53c1cfdb7e89f499,0e5103cc,31,DNA,0,1000,1466,1,ERR11520691,input/ERR11520691_2.fastq.gz
signatures/9b6c68a775098869a56b497a4e09e84b.sig.gz,9b6c68a775098869a56b497a4e09e84b,9b6c68a7,51,DNA,0,1000,1994,1,ERR11520691,input/ERR11520691_2.fastq.gz
