# SOURMASH-MANIFEST-VERSION: 1.0
internal_location,md5,md5short,ksize,moltype,num,scaled,n_hashes,with_abundance,name,filename
signatures/893bbeeb61435531c6373c516c1d6e72.sig.gz,893bbeeb61435531c6373c516c1d6e72,893bbeeb,21,DNA,0,1000,1853,1,ERR11520723,input/ERR11520723_2.fastq.gz
signatures/70230b0c6b556bc5772233c001efe909.sig.gz,70230b0c6b556bc5772233c001efe909,70230b0c,31,DNA,0,1000,2542,1,ERR11520723,input/ERR11520723_2.fastq.gz
signatures/606a4d33fd743f21afa80838590a7164.sig.gz,606a4d33fd743f21afa80838590a7164,606a4d33,51,DNA,0,1000,3324,1,ERR11520723,input/ERR11520723_2.fastq.gz
