# SOURMASH-MANIFEST-VERSION: 1.0
internal_location,md5,md5short,ksize,moltype,num,scaled,n_hashes,with_abundance,name,filename
signatures/30d7e86dbc5687c904c848deca8e11a5.sig.gz,30d7e86dbc5687c904c848deca8e11a5,30d7e86d,21,DNA,0,1000,1815,1,ERR11520720,input/weight_loss/ERR11520720_2.fastq.gz
signatures/a83bb7cc7b11e1bbe8b7272618fab384.sig.gz,a83bb7cc7b11e1bbe8b7272618fab384,a83bb7cc,31,DNA,0,1000,2417,1,ERR11520720,input/weight_loss/ERR11520720_2.fastq.gz
signatures/d9fa0fc939ed56a527b2438e913df3b8.sig.gz,d9fa0fc939ed56a527b2438e913df3b8,d9fa0fc9,51,DNA,0,1000,3107,1,ERR11520720,input/weight_loss/ERR11520720_2.fastq.gz
