# SOURMASH-MANIFEST-VERSION: 1.0
internal_location,md5,md5short,ksize,moltype,num,scaled,n_hashes,with_abundance,name,filename
signatures/ca0798902ef66ffb83077c0919ffeb3d.sig.gz,ca0798902ef66ffb83077c0919ffeb3d,ca079890,21,DNA,0,100,22378,1,ERR11520703,input/weight_loss/ERR11520703_2.fastq.gz
signatures/3be279450ba5e12bbc5b5323686c8860.sig.gz,3be279450ba5e12bbc5b5323686c8860,3be27945,31,DNA,0,100,31258,1,ERR11520703,input/weight_loss/ERR11520703_2.fastq.gz
signatures/920381abca1dcb2ceca5c8c6cfefa8fc.sig.gz,920381abca1dcb2ceca5c8c6cfefa8fc,920381ab,51,DNA,0,100,39882,1,ERR11520703,input/weight_loss/ERR11520703_2.fastq.gz
