# SOURMASH-MANIFEST-VERSION: 1.0
internal_location,md5,md5short,ksize,moltype,num,scaled,n_hashes,with_abundance,name,filename
signatures/71a71cfec5939f4b2fe279e2b70e8998.sig.gz,71a71cfec5939f4b2fe279e2b70e8998,71a71cfe,21,DNA,0,1000,1124,1,ERR11520707,input/ERR11520707_2.fastq.gz
signatures/35b6846c559d12836ce3a7151aa5e198.sig.gz,35b6846c559d12836ce3a7151aa5e198,35b6846c,31,DNA,0,1000,1661,1,ERR11520707,input/ERR11520707_2.fastq.gz
signatures/cce1d42843021c1e62d78efb1333f7b5.sig.gz,cce1d42843021c1e62d78efb1333f7b5,cce1d428,51,DNA,0,1000,2222,1,ERR11520707,input/ERR11520707_2.fastq.gz
