# SOURMASH-MANIFEST-VERSION: 1.0
internal_location,md5,md5short,ksize,moltype,num,scaled,n_hashes,with_abundance,name,filename
signatures/6a230af9ea0ec4f62f130a784ee861ed.sig.gz,6a230af9ea0ec4f62f130a784ee861ed,6a230af9,21,DNA,0,100,15636,1,ERR11520702,input/weight_loss/ERR11520702_2.fastq.gz
signatures/bd767bf99ef13214d1596caae9b52437.sig.gz,bd767bf99ef13214d1596caae9b52437,bd767bf9,31,DNA,0,100,22063,1,ERR11520702,input/weight_loss/ERR11520702_2.fastq.gz
signatures/a923776aebe654d74d13e3afb10dcbc1.sig.gz,a923776aebe654d74d13e3afb10dcbc1,a923776a,51,DNA,0,100,28211,1,ERR11520702,input/weight_loss/ERR11520702_2.fastq.gz
