# SOURMASH-MANIFEST-VERSION: 1.0
internal_location,md5,md5short,ksize,moltype,num,scaled,n_hashes,with_abundance,name,filename
signatures/55686a0bc5f7b099d557cda55ff97d90.sig.gz,55686a0bc5f7b099d557cda55ff97d90,55686a0b,21,DNA,0,100,12385,1,ERR11597358,input/adult-1/ERR11597358_2.fastq.gz
signatures/afb172dfe75d9ad9aa1522e94d7c5c11.sig.gz,afb172dfe75d9ad9aa1522e94d7c5c11,afb172df,31,DNA,0,100,16605,1,ERR11597358,input/adult-1/ERR11597358_2.fastq.gz
signatures/9063652c7573a89b73adffcbbcf30c08.sig.gz,9063652c7573a89b73adffcbbcf30c08,9063652c,51,DNA,0,100,20169,1,ERR11597358,input/adult-1/ERR11597358_2.fastq.gz
