# SOURMASH-MANIFEST-VERSION: 1.0
internal_location,md5,md5short,ksize,moltype,num,scaled,n_hashes,with_abundance,name,filename
signatures/d450367560fdf98030d276c7e4e32344.sig.gz,d450367560fdf98030d276c7e4e32344,d4503675,21,DNA,0,100,8932,1,ERR11520715,input/weight_loss/ERR11520715_2.fastq.gz
signatures/dd3893cd1f6581d6d5ddf94a7b9c6dca.sig.gz,dd3893cd1f6581d6d5ddf94a7b9c6dca,dd3893cd,31,DNA,0,100,12687,1,ERR11520715,input/weight_loss/ERR11520715_2.fastq.gz
signatures/9da859684c3cf6d2596917867393d220.sig.gz,9da859684c3cf6d2596917867393d220,9da85968,51,DNA,0,100,16797,1,ERR11520715,input/weight_loss/ERR11520715_2.fastq.gz
