# SOURMASH-MANIFEST-VERSION: 1.0
internal_location,md5,md5short,ksize,moltype,num,scaled,n_hashes,with_abundance,name,filename
signatures/98fe9c66df9bbc173d02fd54dd642ab7.sig.gz,98fe9c66df9bbc173d02fd54dd642ab7,98fe9c66,21,DNA,0,1000,1551,1,ERR11520724,input/ERR11520724_2.fastq.gz
signatures/6fa68e9b9ce175843471c45f16723d90.sig.gz,6fa68e9b9ce175843471c45f16723d90,6fa68e9b,31,DNA,0,1000,2280,1,ERR11520724,input/ERR11520724_2.fastq.gz
signatures/d7e3cd0ada2478e103cc18da6a01e288.sig.gz,d7e3cd0ada2478e103cc18da6a01e288,d7e3cd0a,51,DNA,0,1000,2793,1,ERR11520724,input/ERR11520724_2.fastq.gz
