# SOURMASH-MANIFEST-VERSION: 1.0
internal_location,md5,md5short,ksize,moltype,num,scaled,n_hashes,with_abundance,name,filename
signatures/a6aa53feddba30f2918e79029160c817.sig.gz,a6aa53feddba30f2918e79029160c817,a6aa53fe,21,DNA,0,1000,2363,1,ERR11520719,input/ERR11520719_2.fastq.gz
signatures/d14ec59661d1527069180293a08c157f.sig.gz,d14ec59661d1527069180293a08c157f,d14ec596,31,DNA,0,1000,3130,1,ERR11520719,input/ERR11520719_2.fastq.gz
signatures/2c2c830c9ba5f43989e8a4a1f8dd4cc2.sig.gz,2c2c830c9ba5f43989e8a4a1f8dd4cc2,2c2c830c,51,DNA,0,1000,3653,1,ERR11520719,input/ERR11520719_2.fastq.gz
