# SOURMASH-MANIFEST-VERSION: 1.0
internal_location,md5,md5short,ksize,moltype,num,scaled,n_hashes,with_abundance,name,filename
signatures/ca4bc110f4b437e6cf7bb850685e4036.sig.gz,ca4bc110f4b437e6cf7bb850685e4036,ca4bc110,21,DNA,0,100,9838,1,ERR11520691,input/weight_loss/ERR11520691_2.fastq.gz
signatures/ca7cece48ff8ff1fc8ebcf7b0672eef9.sig.gz,ca7cece48ff8ff1fc8ebcf7b0672eef9,ca7cece4,31,DNA,0,100,14472,1,ERR11520691,input/weight_loss/ERR11520691_2.fastq.gz
signatures/ef53524b17a0c8577e5b53c6d3357796.sig.gz,ef53524b17a0c8577e5b53c6d3357796,ef53524b,51,DNA,0,100,19876,1,ERR11520691,input/weight_loss/ERR11520691_2.fastq.gz
