# SOURMASH-MANIFEST-VERSION: 1.0
internal_location,md5,md5short,ksize,moltype,num,scaled,n_hashes,with_abundance,name,filename
signatures/3f34a1a354e79b6da0d61312d260a1df.sig.gz,3f34a1a354e79b6da0d61312d260a1df,3f34a1a3,21,DNA,0,100,18324,1,ERR11520725,input/weight_loss/ERR11520725_2.fastq.gz
signatures/707efb725f1df9fcb86657f43851ed01.sig.gz,707efb725f1df9fcb86657f43851ed01,707efb72,31,DNA,0,100,25408,1,ERR11520725,input/weight_loss/ERR11520725_2.fastq.gz
signatures/5317e754125ea06006d684ed58509fac.sig.gz,5317e754125ea06006d684ed58509fac,5317e754,51,DNA,0,100,32034,1,ERR11520725,input/weight_loss/ERR11520725_2.fastq.gz
