# SOURMASH-MANIFEST-VERSION: 1.0
internal_location,md5,md5short,ksize,moltype,num,scaled,n_hashes,with_abundance,name,filename
signatures/43feaed3be6b8d20a45b8f330a3a634b.sig.gz,43feaed3be6b8d20a45b8f330a3a634b,43feaed3,21,DNA,0,1000,1619,1,ERR11520704,input/ERR11520704_2.fastq.gz
signatures/8592ab0045cbcb126b320a3afabe2e5d.sig.gz,8592ab0045cbcb126b320a3afabe2e5d,8592ab00,31,DNA,0,1000,2422,1,ERR11520704,input/ERR11520704_2.fastq.gz
signatures/385024498c710b0f1a6d6224303e8c46.sig.gz,385024498c710b0f1a6d6224303e8c46,38502449,51,DNA,0,1000,3111,1,ERR11520704,input/ERR11520704_2.fastq.gz
