# SOURMASH-MANIFEST-VERSION: 1.0
internal_location,md5,md5short,ksize,moltype,num,scaled,n_hashes,with_abundance,name,filename
signatures/5101a61d5cd91713be7cb33d74d24625.sig.gz,5101a61d5cd91713be7cb33d74d24625,5101a61d,21,DNA,0,100,18027,1,ERR11520720,input/weight_loss/ERR11520720_2.fastq.gz
signatures/a82b280cd8795730fa91b56d8cbc45ff.sig.gz,a82b280cd8795730fa91b56d8cbc45ff,a82b280c,31,DNA,0,100,24599,1,ERR11520720,input/weight_loss/ERR11520720_2.fastq.gz
signatures/d2efe52e25c24d0e1f2b24e6a2a43eb4.sig.gz,d2efe52e25c24d0e1f2b24e6a2a43eb4,d2efe52e,51,DNA,0,100,30094,1,ERR11520720,input/weight_loss/ERR11520720_2.fastq.gz
