# SOURMASH-MANIFEST-VERSION: 1.0
internal_location,md5,md5short,ksize,moltype,num,scaled,n_hashes,with_abundance,name,filename
signatures/4fc69213ece4e0187dbdbafcd5082ec5.sig.gz,4fc69213ece4e0187dbdbafcd5082ec5,4fc69213,21,DNA,0,1000,1668,1,ERR11520708,input/weight_loss/ERR11520708_2.fastq.gz
signatures/0b0d174c8de05536da1ed49ac48a6fa1.sig.gz,0b0d174c8de05536da1ed49ac48a6fa1,0b0d174c,31,DNA,0,1000,2497,1,ERR11520708,input/weight_loss/ERR11520708_2.fastq.gz
signatures/355a7ae8f10fd29ef70a5e6903226705.sig.gz,355a7ae8f10fd29ef70a5e6903226705,355a7ae8,51,DNA,0,1000,3291,1,ERR11520708,input/weight_loss/ERR11520708_2.fastq.gz
