# SOURMASH-MANIFEST-VERSION: 1.0
internal_location,md5,md5short,ksize,moltype,num,scaled,n_hashes,with_abundance,name,filename
signatures/a8416bac65d999e27b047151006c7c65.sig.gz,a8416bac65d999e27b047151006c7c65,a8416bac,21,DNA,0,100,14264,1,ERR11520727,input/weight_loss/ERR11520727_2.fastq.gz
signatures/bb5f51db44b5d65967ce786e198e110d.sig.gz,bb5f51db44b5d65967ce786e198e110d,bb5f51db,31,DNA,0,100,20184,1,ERR11520727,input/weight_loss/ERR11520727_2.fastq.gz
signatures/67d29c217030f9c53bf969c9f16b126b.sig.gz,67d29c217030f9c53bf969c9f16b126b,67d29c21,51,DNA,0,100,25958,1,ERR11520727,input/weight_loss/ERR11520727_2.fastq.gz
