# SOURMASH-MANIFEST-VERSION: 1.0
internal_location,md5,md5short,ksize,moltype,num,scaled,n_hashes,with_abundance,name,filename
signatures/e62ef2bf759b87ca743e489e79ce5dfc.sig.gz,e62ef2bf759b87ca743e489e79ce5dfc,e62ef2bf,21,DNA,0,100,10101,1,ERR11520692,input/weight_loss/ERR11520692_2.fastq.gz
signatures/39898412b98336147d3a3d7ccead940e.sig.gz,39898412b98336147d3a3d7ccead940e,39898412,31,DNA,0,100,13639,1,ERR11520692,input/weight_loss/ERR11520692_2.fastq.gz
signatures/c23bd7125f7c427d50ea0176a68ae5ca.sig.gz,c23bd7125f7c427d50ea0176a68ae5ca,c23bd712,51,DNA,0,100,17694,1,ERR11520692,input/weight_loss/ERR11520692_2.fastq.gz
