# SOURMASH-MANIFEST-VERSION: 1.0
internal_location,md5,md5short,ksize,moltype,num,scaled,n_hashes,with_abundance,name,filename
signatures/abc285f6f71756c3ac7ee9178bf2f103.sig.gz,abc285f6f71756c3ac7ee9178bf2f103,abc285f6,21,DNA,0,1000,1132,1,ERR11520690,input/weight_loss/ERR11520690_2.fastq.gz
signatures/004cd78353add680a6f953f01157b4d1.sig.gz,004cd78353add680a6f953f01157b4d1,004cd783,31,DNA,0,1000,1723,1,ERR11520690,input/weight_loss/ERR11520690_2.fastq.gz
signatures/7dcace5a1905c9fd89d8d764c94a6363.sig.gz,7dcace5a1905c9fd89d8d764c94a6363,7dcace5a,51,DNA,0,1000,2495,1,ERR11520690,input/weight_loss/ERR11520690_2.fastq.gz
