# SOURMASH-MANIFEST-VERSION: 1.0
internal_location,md5,md5short,ksize,moltype,num,scaled,n_hashes,with_abundance,name,filename
signatures/7650171a20e2676c039292ce0f6b6a16.sig.gz,7650171a20e2676c039292ce0f6b6a16,7650171a,21,DNA,0,100,18535,1,ERR11520723,input/weight_loss/ERR11520723_2.fastq.gz
signatures/245000b9402055f090ad340c220d6026.sig.gz,245000b9402055f090ad340c220d6026,245000b9,31,DNA,0,100,25761,1,ERR11520723,input/weight_loss/ERR11520723_2.fastq.gz
signatures/c7249558387e2088d64bd9b9fe19e144.sig.gz,c7249558387e2088d64bd9b9fe19e144,c7249558,51,DNA,0,100,32756,1,ERR11520723,input/weight_loss/ERR11520723_2.fastq.gz
