# SOURMASH-MANIFEST-VERSION: 1.0
internal_location,md5,md5short,ksize,moltype,num,scaled,n_hashes,with_abundance,name,filename
signatures/3a26dcad1ef508edaa6509e87d4ccfce.sig.gz,3a26dcad1ef508edaa6509e87d4ccfce,3a26dcad,21,DNA,0,1000,1898,1,ERR11520722,input/ERR11520722_2.fastq.gz
signatures/9b78bbe375afbfc5ccb50a1875536e3e.sig.gz,9b78bbe375afbfc5ccb50a1875536e3e,9b78bbe3,31,DNA,0,1000,2615,1,ERR11520722,input/ERR11520722_2.fastq.gz
signatures/705b1235eaad1f63ca7ebeaf71f35532.sig.gz,705b1235eaad1f63ca7ebeaf71f35532,705b1235,51,DNA,0,1000,3272,1,ERR11520722,input/ERR11520722_2.fastq.gz
