# SOURMASH-MANIFEST-VERSION: 1.0
internal_location,md5,md5short,ksize,moltype,num,scaled,n_hashes,with_abundance,name,filename
signatures/434405ffc923406d0c7fcb83e51eb3b9.sig.gz,434405ffc923406d0c7fcb83e51eb3b9,434405ff,21,DNA,0,100,6047,1,ERR11520696,input/weight_loss/ERR11520696_2.fastq.gz
signatures/51b0cdfd65f01b66bcddbbef233fe675.sig.gz,51b0cdfd65f01b66bcddbbef233fe675,51b0cdfd,31,DNA,0,100,8283,1,ERR11520696,input/weight_loss/ERR11520696_2.fastq.gz
signatures/15e497dcbff0a47d4508ce48f4c5f417.sig.gz,15e497dcbff0a47d4508ce48f4c5f417,15e497dc,51,DNA,0,100,10653,1,ERR11520696,input/weight_loss/ERR11520696_2.fastq.gz
