# SOURMASH-MANIFEST-VERSION: 1.0
internal_location,md5,md5short,ksize,moltype,num,scaled,n_hashes,with_abundance,name,filename
signatures/6eecb6612316ef0bb583bd3cf5f9c63a.sig.gz,6eecb6612316ef0bb583bd3cf5f9c63a,6eecb661,21,DNA,0,1000,1023,1,ERR11520692,input/ERR11520692_2.fastq.gz
signatures/64d8ab6609dbeb612c79efbbabd321c1.sig.gz,64d8ab6609dbeb612c79efbbabd321c1,64d8ab66,31,DNA,0,1000,1367,1,ERR11520692,input/ERR11520692_2.fastq.gz
signatures/148f194ca9a76f0d2000e189ad257a67.sig.gz,148f194ca9a76f0d2000e189ad257a67,148f194c,51,DNA,0,1000,1748,1,ERR11520692,input/ERR11520692_2.fastq.gz
