# SOURMASH-MANIFEST-VERSION: 1.0
internal_location,md5,md5short,ksize,moltype,num,scaled,n_hashes,with_abundance,name,filename
signatures/1e05f8a474c9ed57ee6db38bed978ed1.sig.gz,1e05f8a474c9ed57ee6db38bed978ed1,1e05f8a4,21,DNA,0,100,10395,1,ERR11520712,input/weight_loss/ERR11520712_2.fastq.gz
signatures/b28a1222a35a737a13f644dfd2aa53c2.sig.gz,b28a1222a35a737a13f644dfd2aa53c2,b28a1222,31,DNA,0,100,14675,1,ERR11520712,input/weight_loss/ERR11520712_2.fastq.gz
signatures/8218f55efa2daaea6590f4af80cea055.sig.gz,8218f55efa2daaea6590f4af80cea055,8218f55e,51,DNA,0,100,19229,1,ERR11520712,input/weight_loss/ERR11520712_2.fastq.gz
