# SOURMASH-MANIFEST-VERSION: 1.0
internal_location,md5,md5short,ksize,moltype,num,scaled,n_hashes,with_abundance,name,filename
signatures/0de3339a14800df530a1beda0146ddd6.sig.gz,0de3339a14800df530a1beda0146ddd6,0de3339a,21,DNA,0,100,12042,1,ERR11520690,input/weight_loss/ERR11520690_2.fastq.gz
signatures/883c07cf5b6f03a26dd1854c0e4edd86.sig.gz,883c07cf5b6f03a26dd1854c0e4edd86,883c07cf,31,DNA,0,100,17664,1,ERR11520690,input/weight_loss/ERR11520690_2.fastq.gz
signatures/ef84c086ef4fd24d96dacc73344e65ba.sig.gz,ef84c086ef4fd24d96dacc73344e65ba,ef84c086,51,DNA,0,100,24178,1,ERR11520690,input/weight_loss/ERR11520690_2.fastq.gz
