# SOURMASH-MANIFEST-VERSION: 1.0
internal_location,md5,md5short,ksize,moltype,num,scaled,n_hashes,with_abundance,name,filename
signatures/2a966c911897ef7c68f3bb11c7dd726d.sig.gz,2a966c911897ef7c68f3bb11c7dd726d,2a966c91,21,DNA,0,1000,1546,1,ERR11520702,input/weight_loss/ERR11520702_2.fastq.gz
signatures/e4219ae93c1aa9fbf392640b779b4b87.sig.gz,e4219ae93c1aa9fbf392640b779b4b87,e4219ae9,31,DNA,0,1000,2255,1,ERR11520702,input/weight_loss/ERR11520702_2.fastq.gz
signatures/8dc8a7f736f186552ef34ae5c3a5c86f.sig.gz,8dc8a7f736f186552ef34ae5c3a5c86f,8dc8a7f7,51,DNA,0,1000,2811,1,ERR11520702,input/weight_loss/ERR11520702_2.fastq.gz
