# SOURMASH-MANIFEST-VERSION: 1.0
internal_location,md5,md5short,ksize,moltype,num,scaled,n_hashes,with_abundance,name,filename
signatures/e36c5a2fd4b1cc2a561d8743846c3e01.sig.gz,e36c5a2fd4b1cc2a561d8743846c3e01,e36c5a2f,21,DNA,0,1000,1515,1,ERR11520711,input/ERR11520711_2.fastq.gz
signatures/b7166f65fc0ac6d8116388fea4bdd2c0.sig.gz,b7166f65fc0ac6d8116388fea4bdd2c0,b7166f65,31,DNA,0,1000,2098,1,ERR11520711,input/ERR11520711_2.fastq.gz
signatures/31366e7d772b6be4230bf55a1ae34cfb.sig.gz,31366e7d772b6be4230bf55a1ae34cfb,31366e7d,51,DNA,0,1000,2874,1,ERR11520711,input/ERR11520711_2.fastq.gz
