# SOURMASH-MANIFEST-VERSION: 1.0
internal_location,md5,md5short,ksize,moltype,num,scaled,n_hashes,with_abundance,name,filename
signatures/78753cd0cc854640663ab75773839ea0.sig.gz,78753cd0cc854640663ab75773839ea0,78753cd0,21,DNA,0,1000,1334,1,ERR11520693,input/weight_loss/ERR11520693_2.fastq.gz
signatures/ba4362c4a175bcc17cdb46c217bf8d25.sig.gz,ba4362c4a175bcc17cdb46c217bf8d25,ba4362c4,31,DNA,0,1000,1903,1,ERR11520693,input/weight_loss/ERR11520693_2.fastq.gz
signatures/4758f8ca94131c07c672b941ddb6b68c.sig.gz,4758f8ca94131c07c672b941ddb6b68c,4758f8ca,51,DNA,0,1000,2391,1,ERR11520693,input/weight_loss/ERR11520693_2.fastq.gz
