# SOURMASH-MANIFEST-VERSION: 1.0
internal_location,md5,md5short,ksize,moltype,num,scaled,n_hashes,with_abundance,name,filename
signatures/64a72e9e797f9a1df48f213288b6670d.sig.gz,64a72e9e797f9a1df48f213288b6670d,64a72e9e,21,DNA,0,1000,872,1,ERR11520715,input/weight_loss/ERR11520715_2.fastq.gz
signatures/6a782a17e1dc826052e13b5d2876bd7d.sig.gz,6a782a17e1dc826052e13b5d2876bd7d,6a782a17,31,DNA,0,1000,1242,1,ERR11520715,input/weight_loss/ERR11520715_2.fastq.gz
signatures/3c13d1590d02281a48f2c56586056644.sig.gz,3c13d1590d02281a48f2c56586056644,3c13d159,51,DNA,0,1000,1704,1,ERR11520715,input/weight_loss/ERR11520715_2.fastq.gz
