# SOURMASH-MANIFEST-VERSION: 1.0
internal_location,md5,md5short,ksize,moltype,num,scaled,n_hashes,with_abundance,name,filename
signatures/5d04217b6ddff62fbaa5dfdaa996487a.sig.gz,5d04217b6ddff62fbaa5dfdaa996487a,5d04217b,21,DNA,0,100,15190,1,ERR11520713,input/weight_loss/ERR11520713_2.fastq.gz
signatures/e710ed72202bc583381dd4d9a1ef66c5.sig.gz,e710ed72202bc583381dd4d9a1ef66c5,e710ed72,31,DNA,0,100,21357,1,ERR11520713,input/weight_loss/ERR11520713_2.fastq.gz
signatures/68b9fbf12c202ab04b86899bf4287138.sig.gz,68b9fbf12c202ab04b86899bf4287138,68b9fbf1,51,DNA,0,100,27767,1,ERR11520713,input/weight_loss/ERR11520713_2.fastq.gz
