# SOURMASH-MANIFEST-VERSION: 1.0
internal_location,md5,md5short,ksize,moltype,num,scaled,n_hashes,with_abundance,name,filename
signatures/847acf21a16ce2b94c468a16f7aeee9b.sig.gz,847acf21a16ce2b94c468a16f7aeee9b,847acf21,21,DNA,0,100,7839,1,ERR11520709,input/weight_loss/ERR11520709_2.fastq.gz
signatures/e4f6e855d208ef87e4972c783f1b7c40.sig.gz,e4f6e855d208ef87e4972c783f1b7c40,e4f6e855,31,DNA,0,100,10873,1,ERR11520709,input/weight_loss/ERR11520709_2.fastq.gz
signatures/84341cabcb9bf2e12a2bf62c47e6eebc.sig.gz,84341cabcb9bf2e12a2bf62c47e6eebc,84341cab,51,DNA,0,100,13867,1,ERR11520709,input/weight_loss/ERR11520709_2.fastq.gz
