# SOURMASH-MANIFEST-VERSION: 1.0
internal_location,md5,md5short,ksize,moltype,num,scaled,n_hashes,with_abundance,name,filename
signatures/4403abc2ce0236d196da7f4fa1ee6501.sig.gz,4403abc2ce0236d196da7f4fa1ee6501,4403abc2,21,DNA,0,1000,2162,1,ERR11520703,input/weight_loss/ERR11520703_2.fastq.gz
signatures/018399d35262c9a17b67da400098d254.sig.gz,018399d35262c9a17b67da400098d254,018399d3,31,DNA,0,1000,3124,1,ERR11520703,input/weight_loss/ERR11520703_2.fastq.gz
signatures/65a0771c35cbc119de381573eb209127.sig.gz,65a0771c35cbc119de381573eb209127,65a0771c,51,DNA,0,1000,4023,1,ERR11520703,input/weight_loss/ERR11520703_2.fastq.gz
